{"cameraMode":{"drawMode":0,"name":"Shaded","section":"Shading Mode"},"sceneLighting":true,"audioPlay":false,"sceneViewState":{"showFog":true,"showMaterialUpdate":false,"showSkybox":true,"showFlares":true,"showImageEffects":true,"showParticleSystems":true},"in2DMode":false,"pivot":{"x":1.3203010559082032,"y":3.9634790420532228,"z":16.018539428710939},"rotation":{"x":-0.07948814332485199,"y":0.07677581906318665,"z":-0.0061403787694871429,"w":-0.9938566088676453},"size":41.228065490722659,"orthographic":false}