{"cameraMode":{"drawMode":0,"name":"Shaded","section":"Shading Mode"},"sceneLighting":true,"audioPlay":false,"sceneViewState":{"showFog":true,"showMaterialUpdate":false,"showSkybox":true,"showFlares":true,"showImageEffects":true,"showParticleSystems":true},"in2DMode":false,"pivot":{"x":-3.9395792484283449,"y":4.497254848480225,"z":3.4685006141662599},"rotation":{"x":-0.15394552052021027,"y":0.6252663731575012,"z":-0.12760049104690553,"w":-0.7543617486953735},"size":15.07030963897705,"orthographic":false}