{"cameraMode":{"drawMode":0,"name":"Shaded","section":"Shading Mode"},"sceneLighting":true,"audioPlay":false,"sceneViewState":{"showFog":true,"showMaterialUpdate":false,"showSkybox":true,"showFlares":true,"showImageEffects":true,"showParticleSystems":true},"in2DMode":false,"pivot":{"x":-16.113571166992189,"y":-17.023231506347658,"z":2.839614152908325},"rotation":{"x":0.1944945603609085,"y":-0.6676601767539978,"z":0.18716129660606385,"w":0.6938161253929138},"size":74.78150177001953,"orthographic":false}